"Time of Day","Process Name","PID","Operation","Path","Result","Detail"
"12:13:24.6069327 AM","Explorer.EXE","3448","RegSetValue","HKCU\Software\Microsoft\Windows\CurrentVersion\Explorer\UserAssist\{CEBFF5CD-ACE2-4F4F-9178-9926F41749EA}\Count\{1NP14R77-02R7-4R5Q-O744-2RO1NR5198O7}\pzq.rkr","SUCCESS","Type: REG_BINARY, Length: 72, Data: 00 00 00 00 00 00 00 00 06 00 00 00 61 6F 04 00"
"12:13:24.6069772 AM","Explorer.EXE","3448","RegSetValue","HKCU\Software\Microsoft\Windows\CurrentVersion\Explorer\UserAssist\{CEBFF5CD-ACE2-4F4F-9178-9926F41749EA}\Count\HRZR_PGYFRFFVBA","SUCCESS","Type: REG_BINARY, Length: 1,612, Data: 00 00 00 00 6F 00 00 00 96 00 00 00 02 2D 31 00"
"12:13:24.6076376 AM","Explorer.EXE","3448","RegSetValue","HKCU\Software\Microsoft\Windows\CurrentVersion\Explorer\SessionInfo\1\ApplicationViewManagement\W32:00000000000D03BE\VirtualDesktop","SUCCESS","Type: REG_BINARY, Length: 24, Data: 10 00 00 00 30 30 44 56 97 4C 14 98 18 72 B2 45"
"12:13:25.2655415 AM","Explorer.EXE","3448","RegSetValue","HKCU\Software\Classes\Local Settings\MuiCache\1b\52C64B7E\LanguageList","SUCCESS","Type: REG_MULTI_SZ, Length: 20, Data: en-US, en"
"12:13:25.2988063 AM","Explorer.EXE","3448","RegSetValue","HKCU\Software\Classes\Local Settings\MuiCache\1b\52C64B7E\LanguageList","SUCCESS","Type: REG_MULTI_SZ, Length: 20, Data: en-US, en"
"12:13:26.0479524 AM","Explorer.EXE","3448","RegSetValue","HKCU\Software\Microsoft\Windows\CurrentVersion\Explorer\SessionInfo\1\ApplicationViewManagement\W32:00000000000D0366\VirtualDesktop","SUCCESS","Type: REG_BINARY, Length: 24, Data: 10 00 00 00 30 30 44 56 97 4C 14 98 18 72 B2 45"
"12:13:26.6152208 AM","svchost.exe","928","RegSetValue","HKCU\Software\Microsoft\Windows NT\CurrentVersion\AppCompatFlags\Compatibility Assistant\Store\C:\Users\WDAGUtilityAccount\AppData\Local\Temp\Procmon64.exe","SUCCESS","Type: REG_BINARY, Length: 108, Data: 53 41 43 50 01 00 00 00 00 00 00 00 07 00 00 00"
"12:13:27.6142534 AM","Explorer.EXE","3448","RegSetValue","HKCU\Software\Microsoft\Windows\CurrentVersion\Explorer\UserAssist\{CEBFF5CD-ACE2-4F4F-9178-9926F41749EA}\Count\P:\Hfref\JQNTHgvyvglNppbhag\NccQngn\Ybpny\Grzc\Cebpzba64.rkr","SUCCESS","Type: REG_BINARY, Length: 72, Data: 00 00 00 00 00 00 00 00 05 00 00 00 66 07 03 00"
"12:13:27.6143172 AM","Explorer.EXE","3448","RegSetValue","HKCU\Software\Microsoft\Windows\CurrentVersion\Explorer\UserAssist\{CEBFF5CD-ACE2-4F4F-9178-9926F41749EA}\Count\HRZR_PGYFRFFVBA","SUCCESS","Type: REG_BINARY, Length: 1,612, Data: 00 00 00 00 6F 00 00 00 97 00 00 00 02 2D 31 00"
"12:13:28.7043458 AM","Explorer.EXE","3448","RegSetValue","HKCU\Software\Microsoft\Windows\CurrentVersion\Explorer\FeatureUsage\AppSwitched\C:\Users\WDAGUtilityAccount\Desktop\netease.exe","SUCCESS","Type: REG_DWORD, Length: 4, Data: 1"
"12:13:28.8211277 AM","Explorer.EXE","3448","RegSetValue","HKCU\Software\Microsoft\Windows\CurrentVersion\Explorer\UserAssist\{CEBFF5CD-ACE2-4F4F-9178-9926F41749EA}\Count\P:\Hfref\JQNTHgvyvglNppbhag\NccQngn\Ybpny\Grzc\Cebpzba64.rkr","SUCCESS","Type: REG_BINARY, Length: 72, Data: 00 00 00 00 00 00 00 00 05 00 00 00 F0 17 03 00"
"12:13:28.8211698 AM","Explorer.EXE","3448","RegSetValue","HKCU\Software\Microsoft\Windows\CurrentVersion\Explorer\UserAssist\{CEBFF5CD-ACE2-4F4F-9178-9926F41749EA}\Count\HRZR_PGYFRFFVBA","SUCCESS","Type: REG_BINARY, Length: 1,612, Data: 00 00 00 00 6F 00 00 00 97 00 00 00 8C 3D 31 00"
"12:13:31.0360574 AM","Explorer.EXE","3448","RegSetValue","HKLM\SOFTWARE\Microsoft\Windows NT\CurrentVersion\Notifications\Data\418A073AA3BC3475","SUCCESS","Type: REG_BINARY, Length: 498, Data: 6A 00 00 00 00 00 00 00 04 00 04 00 01 02 09 00"
"12:13:31.0363549 AM","Explorer.EXE","3448","RegSetValue","HKLM\SOFTWARE\Microsoft\Windows NT\CurrentVersion\Notifications\Data\418A073AA3BC4C75","SUCCESS","Type: REG_BINARY, Length: 234, Data: 07 00 00 00 00 00 00 00 04 00 00 00 01 01 01 00"
"12:13:31.8174138 AM","Explorer.EXE","3448","RegSetValue","HKCU\Software\Microsoft\Windows\CurrentVersion\Explorer\UserAssist\{CEBFF5CD-ACE2-4F4F-9178-9926F41749EA}\Count\P:\Hfref\JQNTHgvyvglNppbhag\Qrfxgbc\argrnfr.rkr","SUCCESS","Type: REG_BINARY, Length: 72, Data: 00 00 00 00 00 00 00 00 01 00 00 00 00 00 00 00"
"12:13:31.8174783 AM","Explorer.EXE","3448","RegSetValue","HKCU\Software\Microsoft\Windows\CurrentVersion\Explorer\UserAssist\{CEBFF5CD-ACE2-4F4F-9178-9926F41749EA}\Count\HRZR_PGYFRFFVBA","SUCCESS","Type: REG_BINARY, Length: 1,612, Data: 00 00 00 00 6F 00 00 00 98 00 00 00 8C 3D 31 00"
"12:13:32.3954110 AM","Explorer.EXE","3448","RegSetValue","HKLM\SOFTWARE\Microsoft\Windows NT\CurrentVersion\Notifications\Data\418A073AA3BC3475","SUCCESS","Type: REG_BINARY, Length: 498, Data: 6B 00 00 00 00 00 00 00 04 00 04 00 01 02 09 00"
"12:13:37.8507931 AM","netease.exe","3600","RegSetValue","HKLM\SOFTWARE\WOW6432Node\Netease\cloudmusic\version","SUCCESS","Type: REG_SZ, Length: 26, Data: 2.5.3.197682"
"12:13:37.8514360 AM","netease.exe","3600","RegSetValue","HKLM\SOFTWARE\WOW6432Node\Netease\cloudmusic\install_dir","SUCCESS","Type: REG_SZ, Length: 84, Data: C:\Program Files (x86)\Netease\CloudMusic"
"12:13:37.8521889 AM","netease.exe","3600","RegSetValue","HKLM\SOFTWARE\Microsoft\Windows\CurrentVersion\App Paths\cloudmusic.exe\(Default)","SUCCESS","Type: REG_SZ, Length: 114, Data: C:\Program Files (x86)\Netease\CloudMusic\cloudmusic.exe"
"12:13:37.8528854 AM","netease.exe","3600","RegSetValue","HKLM\SOFTWARE\WOW6432Node\Microsoft\Windows\CurrentVersion\Uninstall\网易云音乐\DisplayName","SUCCESS","Type: REG_SZ, Length: 12, Data: 网易云音乐"
"12:13:37.8536434 AM","netease.exe","3600","RegSetValue","HKLM\SOFTWARE\WOW6432Node\Microsoft\Windows\CurrentVersion\Uninstall\网易云音乐\UninstallString","SUCCESS","Type: REG_SZ, Length: 112, Data: C:\Program Files (x86)\Netease\CloudMusic\UnInstall.exe"
"12:13:37.8541229 AM","netease.exe","3600","RegSetValue","HKLM\SOFTWARE\WOW6432Node\Microsoft\Windows\CurrentVersion\Uninstall\网易云音乐\DisplayIcon","SUCCESS","Type: REG_SZ, Length: 114, Data: C:\Program Files (x86)\Netease\CloudMusic\cloudmusic.exe"
"12:13:37.8545692 AM","netease.exe","3600","RegSetValue","HKLM\SOFTWARE\WOW6432Node\Microsoft\Windows\CurrentVersion\Uninstall\网易云音乐\DisplayVersion","SUCCESS","Type: REG_SZ, Length: 26, Data: 2.5.3.197682"
"12:13:37.8550538 AM","netease.exe","3600","RegSetValue","HKLM\SOFTWARE\WOW6432Node\Microsoft\Windows\CurrentVersion\Uninstall\网易云音乐\Publisher","SUCCESS","Type: REG_SZ, Length: 10, Data: 网易公司"
"12:13:37.9895801 AM","netease.exe","3600","RegSetValue","HKCU\Software\Classes\Local Settings\MuiCache\1b\52C64B7E\LanguageList","SUCCESS","Type: REG_MULTI_SZ, Length: 20, Data: en-US, en"
"12:13:37.9898459 AM","netease.exe","3600","RegSetValue","HKCU\Software\Classes\Local Settings\MuiCache\1b\52C64B7E\LanguageList","SUCCESS","Type: REG_MULTI_SZ, Length: 20, Data: en-US, en"
"12:13:37.9903496 AM","netease.exe","3600","RegSetValue","HKCU\Software\Classes\Local Settings\MuiCache\1b\52C64B7E\LanguageList","SUCCESS","Type: REG_MULTI_SZ, Length: 20, Data: en-US, en"
"12:13:37.9905970 AM","netease.exe","3600","RegSetValue","HKCU\Software\Classes\Local Settings\MuiCache\1b\52C64B7E\LanguageList","SUCCESS","Type: REG_MULTI_SZ, Length: 20, Data: en-US, en"
"12:13:37.9908349 AM","netease.exe","3600","RegSetValue","HKCU\Software\Classes\Local Settings\MuiCache\1b\52C64B7E\LanguageList","SUCCESS","Type: REG_MULTI_SZ, Length: 20, Data: en-US, en"
"12:13:37.9910476 AM","netease.exe","3600","RegSetValue","HKCU\Software\Classes\Local Settings\MuiCache\1b\52C64B7E\LanguageList","SUCCESS","Type: REG_MULTI_SZ, Length: 20, Data: en-US, en"
"12:13:37.9913308 AM","netease.exe","3600","RegSetValue","HKCU\Software\Classes\Local Settings\MuiCache\1b\52C64B7E\LanguageList","SUCCESS","Type: REG_MULTI_SZ, Length: 20, Data: en-US, en"
"12:13:37.9916492 AM","netease.exe","3600","RegSetValue","HKCU\Software\Classes\Local Settings\MuiCache\1b\52C64B7E\LanguageList","SUCCESS","Type: REG_MULTI_SZ, Length: 20, Data: en-US, en"
"12:13:37.9918888 AM","netease.exe","3600","RegSetValue","HKCU\Software\Classes\Local Settings\MuiCache\1b\52C64B7E\LanguageList","SUCCESS","Type: REG_MULTI_SZ, Length: 20, Data: en-US, en"
"12:13:37.9921666 AM","netease.exe","3600","RegSetValue","HKCU\Software\Classes\Local Settings\MuiCache\1b\52C64B7E\LanguageList","SUCCESS","Type: REG_MULTI_SZ, Length: 20, Data: en-US, en"
"12:13:38.2162008 AM","netease.exe","3600","RegSetValue","HKCU\Software\Microsoft\Windows\CurrentVersion\Explorer\SlowContextMenuEntries","SUCCESS","Type: REG_BINARY, Length: 100, Data: 60 24 B2 21 EA 3A 69 10 A2 DC 08 00 2B 30 30 9D"
"12:13:38.2220038 AM","netease.exe","3600","RegSetValue","HKCU\Software\Classes\Local Settings\MuiCache\1b\52C64B7E\LanguageList","SUCCESS","Type: REG_MULTI_SZ, Length: 20, Data: en-US, en"
"12:13:38.2298566 AM","netease.exe","3600","RegSetValue","HKCU\Software\Microsoft\Windows\CurrentVersion\Run\cloudmusic","SUCCESS","Type: REG_SZ, Length: 170, Data: ""C:\Program Files (x86)\Netease\CloudMusic\cloudmusic.exe"" --orpheus-startup=autorun"
"12:13:38.2443921 AM","netease.exe","3600","RegSetValue","HKCR\orpheus\URL Protocol","SUCCESS","Type: REG_SZ, Length: 2, Data: "
"12:13:38.2457039 AM","netease.exe","3600","RegSetValue","HKCR\orpheus\DefaultIcon\(Default)","SUCCESS","Type: REG_SZ, Length: 118, Data: C:\Program Files (x86)\Netease\CloudMusic\cloudmusic.exe,0"
"12:13:38.2465744 AM","netease.exe","3600","RegSetValue","HKCR\orpheus\shell\(Default)","SUCCESS","Type: REG_SZ, Length: 2, Data: "
"12:13:38.2472503 AM","netease.exe","3600","RegSetValue","HKCR\orpheus\shell\open\(Default)","SUCCESS","Type: REG_SZ, Length: 2, Data: "
"12:13:38.2481191 AM","netease.exe","3600","RegSetValue","HKCR\orpheus\shell\open\command\(Default)","SUCCESS","Type: REG_SZ, Length: 144, Data: ""C:\Program Files (x86)\Netease\CloudMusic\cloudmusic.exe""--webcmd=""%1"""
"12:13:38.2554068 AM","netease.exe","3600","RegSetValue","HKLM\SOFTWARE\Clients\Media\cloudmusic\Capabilites\ApplicationDescription","SUCCESS","Type: REG_SZ, Length: 114, Data: 网易云音乐是一款专注于发现与分享的音乐产品，依托专业音乐人、DJ、好友推荐及社交功能，为用户打造全新的音乐生活。"
"12:13:38.2559384 AM","netease.exe","3600","RegSetValue","HKLM\SOFTWARE\Clients\Media\cloudmusic\Capabilites\ApplicationName","SUCCESS","Type: REG_SZ, Length: 12, Data: 网易云音乐"
"12:13:38.2565963 AM","netease.exe","3600","RegSetValue","HKLM\SOFTWARE\Clients\Media\cloudmusic\Capabilites\ApplicationIcon","SUCCESS","Type: REG_SZ, Length: 118, Data: C:\Program Files (x86)\Netease\CloudMusic\cloudmusic.exe,0"
"12:13:38.2712811 AM","netease.exe","3600","RegSetValue","HKCR\cloudmusic.aac\(Default)","SUCCESS","Type: REG_SZ, Length: 30, Data: cloudmusic.aac"
"12:13:38.2734988 AM","netease.exe","3600","RegSetValue","HKCR\cloudmusic.aac\DefaultIcon\(Default)","SUCCESS","Type: REG_SZ, Length: 128, Data: C:\Program Files (x86)\Netease\CloudMusic\resource\format.ico,0"
"12:13:38.2741464 AM","netease.exe","3600","RegSetValue","HKCR\cloudmusic.aac\shell\(Default)","SUCCESS","Type: REG_SZ, Length: 2, Data: "
"12:13:38.2748590 AM","netease.exe","3600","RegSetValue","HKCR\cloudmusic.aac\shell\open\(Default)","SUCCESS","Type: REG_SZ, Length: 2, Data: "
"12:13:38.2755532 AM","netease.exe","3600","RegSetValue","HKCR\cloudmusic.aac\shell\open\command\(Default)","SUCCESS","Type: REG_SZ, Length: 140, Data: ""C:\Program Files (x86)\Netease\CloudMusic\cloudmusic.exe""--play=""%1"""
"12:13:38.2760624 AM","netease.exe","3600","RegSetValue","HKCR\cloudmusic.aac\(Default)","SUCCESS","Type: REG_SZ, Length: 30, Data: cloudmusic.aac"
"12:13:38.2765165 AM","netease.exe","3600","RegSetValue","HKCR\cloudmusic.aac\DefaultIcon\(Default)","SUCCESS","Type: REG_SZ, Length: 128, Data: C:\Program Files (x86)\Netease\CloudMusic\resource\format.ico,0"
"12:13:38.2769484 AM","netease.exe","3600","RegSetValue","HKCR\cloudmusic.aac\shell\(Default)","SUCCESS","Type: REG_SZ, Length: 2, Data: "
"12:13:38.2773767 AM","netease.exe","3600","RegSetValue","HKCR\cloudmusic.aac\shell\open\(Default)","SUCCESS","Type: REG_SZ, Length: 2, Data: "
"12:13:38.2778069 AM","netease.exe","3600","RegSetValue","HKCR\cloudmusic.aac\shell\open\command\(Default)","SUCCESS","Type: REG_SZ, Length: 140, Data: ""C:\Program Files (x86)\Netease\CloudMusic\cloudmusic.exe""--play=""%1"""
"12:13:38.2840145 AM","netease.exe","3600","RegSetValue","HKCR\.AAC\cloudmuic_backup","SUCCESS","Type: REG_SZ, Length: 42, Data: WMP11.AssocFile.ADTS"
"12:13:38.2846766 AM","netease.exe","3600","RegSetValue","HKCR\.AAC\(Default)","SUCCESS","Type: REG_SZ, Length: 30, Data: cloudmusic.aac"
"12:13:38.2851104 AM","netease.exe","3600","RegSetValue","HKCU\Software\Microsoft\Windows\CurrentVersion\Explorer\FileExts\.aac\Progid","SUCCESS","Type: REG_SZ, Length: 30, Data: cloudmusic.aac"
"12:13:38.2867891 AM","netease.exe","3600","RegSetValue","HKLM\SOFTWARE\Clients\Media\cloudmusic\Capabilites\.aac","SUCCESS","Type: REG_SZ, Length: 30, Data: cloudmusic.aac"
"12:13:38.2993102 AM","netease.exe","3600","RegSetValue","HKCR\cloudmusic.ape\(Default)","SUCCESS","Type: REG_SZ, Length: 30, Data: cloudmusic.ape"
"12:13:38.3003313 AM","netease.exe","3600","RegSetValue","HKCR\cloudmusic.ape\DefaultIcon\(Default)","SUCCESS","Type: REG_SZ, Length: 128, Data: C:\Program Files (x86)\Netease\CloudMusic\resource\format.ico,0"
"12:13:38.3015919 AM","netease.exe","3600","RegSetValue","HKCR\cloudmusic.ape\shell\(Default)","SUCCESS","Type: REG_SZ, Length: 2, Data: "
"12:13:38.3024271 AM","netease.exe","3600","RegSetValue","HKCR\cloudmusic.ape\shell\open\(Default)","SUCCESS","Type: REG_SZ, Length: 2, Data: "
"12:13:38.3032691 AM","netease.exe","3600","RegSetValue","HKCR\cloudmusic.ape\shell\open\command\(Default)","SUCCESS","Type: REG_SZ, Length: 140, Data: ""C:\Program Files (x86)\Netease\CloudMusic\cloudmusic.exe""--play=""%1"""
"12:13:38.3040439 AM","netease.exe","3600","RegSetValue","HKCR\cloudmusic.ape\(Default)","SUCCESS","Type: REG_SZ, Length: 30, Data: cloudmusic.ape"
"12:13:38.3045771 AM","netease.exe","3600","RegSetValue","HKCR\cloudmusic.ape\DefaultIcon\(Default)","SUCCESS","Type: REG_SZ, Length: 128, Data: C:\Program Files (x86)\Netease\CloudMusic\resource\format.ico,0"
"12:13:38.3051622 AM","netease.exe","3600","RegSetValue","HKCR\cloudmusic.ape\shell\(Default)","SUCCESS","Type: REG_SZ, Length: 2, Data: "
"12:13:38.3059754 AM","netease.exe","3600","RegSetValue","HKCR\cloudmusic.ape\shell\open\(Default)","SUCCESS","Type: REG_SZ, Length: 2, Data: "
"12:13:38.3069252 AM","netease.exe","3600","RegSetValue","HKCR\cloudmusic.ape\shell\open\command\(Default)","SUCCESS","Type: REG_SZ, Length: 140, Data: ""C:\Program Files (x86)\Netease\CloudMusic\cloudmusic.exe""--play=""%1"""
"12:13:38.3132416 AM","netease.exe","3600","RegSetValue","HKCR\.ape\cloudmuic_backup","SUCCESS","Type: REG_SZ, Length: 2, Data: "
"12:13:38.3139812 AM","netease.exe","3600","RegSetValue","HKCR\.ape\(Default)","SUCCESS","Type: REG_SZ, Length: 30, Data: cloudmusic.ape"
"12:13:38.3147428 AM","netease.exe","3600","RegSetValue","HKCU\Software\Microsoft\Windows\CurrentVersion\Explorer\FileExts\.ape\Progid","SUCCESS","Type: REG_SZ, Length: 30, Data: cloudmusic.ape"
"12:13:38.3152241 AM","netease.exe","3600","RegSetValue","HKCU\Software\Microsoft\Windows\CurrentVersion\Explorer\FileExts\.ape\UserChoice\Progid","SUCCESS","Type: REG_SZ, Length: 30, Data: cloudmusic.ape"
"12:13:38.3156690 AM","netease.exe","3600","RegSetValue","HKLM\SOFTWARE\Clients\Media\cloudmusic\Capabilites\.ape","SUCCESS","Type: REG_SZ, Length: 30, Data: cloudmusic.ape"
"12:13:38.3266791 AM","netease.exe","3600","RegSetValue","HKCR\cloudmusic.cda\(Default)","SUCCESS","Type: REG_SZ, Length: 30, Data: cloudmusic.cda"
"12:13:38.3277927 AM","netease.exe","3600","RegSetValue","HKCR\cloudmusic.cda\DefaultIcon\(Default)","SUCCESS","Type: REG_SZ, Length: 128, Data: C:\Program Files (x86)\Netease\CloudMusic\resource\format.ico,0"
"12:13:38.3285801 AM","netease.exe","3600","RegSetValue","HKCR\cloudmusic.cda\shell\(Default)","SUCCESS","Type: REG_SZ, Length: 2, Data: "
"12:13:38.3293108 AM","netease.exe","3600","RegSetValue","HKCR\cloudmusic.cda\shell\open\(Default)","SUCCESS","Type: REG_SZ, Length: 2, Data: "
"12:13:38.3300576 AM","netease.exe","3600","RegSetValue","HKCR\cloudmusic.cda\shell\open\command\(Default)","SUCCESS","Type: REG_SZ, Length: 140, Data: ""C:\Program Files (x86)\Netease\CloudMusic\cloudmusic.exe""--play=""%1"""
"12:13:38.3305595 AM","netease.exe","3600","RegSetValue","HKCR\cloudmusic.cda\(Default)","SUCCESS","Type: REG_SZ, Length: 30, Data: cloudmusic.cda"
"12:13:38.3309948 AM","netease.exe","3600","RegSetValue","HKCR\cloudmusic.cda\DefaultIcon\(Default)","SUCCESS","Type: REG_SZ, Length: 128, Data: C:\Program Files (x86)\Netease\CloudMusic\resource\format.ico,0"
"12:13:38.3314285 AM","netease.exe","3600","RegSetValue","HKCR\cloudmusic.cda\shell\(Default)","SUCCESS","Type: REG_SZ, Length: 2, Data: "
"12:13:38.3318553 AM","netease.exe","3600","RegSetValue","HKCR\cloudmusic.cda\shell\open\(Default)","SUCCESS","Type: REG_SZ, Length: 2, Data: "
"12:13:38.3322872 AM","netease.exe","3600","RegSetValue","HKCR\cloudmusic.cda\shell\open\command\(Default)","SUCCESS","Type: REG_SZ, Length: 140, Data: ""C:\Program Files (x86)\Netease\CloudMusic\cloudmusic.exe""--play=""%1"""
"12:13:38.3389058 AM","netease.exe","3600","RegSetValue","HKCR\.cda\cloudmuic_backup","SUCCESS","Type: REG_SZ, Length: 40, Data: WMP11.AssocFile.CDA"
"12:13:38.3400430 AM","netease.exe","3600","RegSetValue","HKCR\.cda\(Default)","SUCCESS","Type: REG_SZ, Length: 30, Data: cloudmusic.cda"
"12:13:38.3406411 AM","netease.exe","3600","RegSetValue","HKCU\Software\Microsoft\Windows\CurrentVersion\Explorer\FileExts\.cda\Progid","SUCCESS","Type: REG_SZ, Length: 30, Data: cloudmusic.cda"
"12:13:38.3411497 AM","netease.exe","3600","RegSetValue","HKCU\Software\Microsoft\Windows\CurrentVersion\Explorer\FileExts\.cda\UserChoice\Progid","SUCCESS","Type: REG_SZ, Length: 30, Data: cloudmusic.cda"
"12:13:38.3416161 AM","netease.exe","3600","RegSetValue","HKLM\SOFTWARE\Clients\Media\cloudmusic\Capabilites\.cda","SUCCESS","Type: REG_SZ, Length: 30, Data: cloudmusic.cda"
"12:13:38.3488837 AM","netease.exe","3600","RegSetValue","HKCR\cloudmusic.flac\(Default)","SUCCESS","Type: REG_SZ, Length: 32, Data: cloudmusic.flac"
"12:13:38.3496926 AM","netease.exe","3600","RegSetValue","HKCR\cloudmusic.flac\DefaultIcon\(Default)","SUCCESS","Type: REG_SZ, Length: 128, Data: C:\Program Files (x86)\Netease\CloudMusic\resource\format.ico,0"
"12:13:38.3504443 AM","netease.exe","3600","RegSetValue","HKCR\cloudmusic.flac\shell\(Default)","SUCCESS","Type: REG_SZ, Length: 2, Data: "
"12:13:38.3512408 AM","netease.exe","3600","RegSetValue","HKCR\cloudmusic.flac\shell\open\(Default)","SUCCESS","Type: REG_SZ, Length: 2, Data: "
"12:13:38.3521631 AM","netease.exe","3600","RegSetValue","HKCR\cloudmusic.flac\shell\open\command\(Default)","SUCCESS","Type: REG_SZ, Length: 140, Data: ""C:\Program Files (x86)\Netease\CloudMusic\cloudmusic.exe""--play=""%1"""
"12:13:38.3526323 AM","netease.exe","3600","RegSetValue","HKCR\cloudmusic.flac\(Default)","SUCCESS","Type: REG_SZ, Length: 32, Data: cloudmusic.flac"
"12:13:38.3530775 AM","netease.exe","3600","RegSetValue","HKCR\cloudmusic.flac\DefaultIcon\(Default)","SUCCESS","Type: REG_SZ, Length: 128, Data: C:\Program Files (x86)\Netease\CloudMusic\resource\format.ico,0"
"12:13:38.3535012 AM","netease.exe","3600","RegSetValue","HKCR\cloudmusic.flac\shell\(Default)","SUCCESS","Type: REG_SZ, Length: 2, Data: "
"12:13:38.3539232 AM","netease.exe","3600","RegSetValue","HKCR\cloudmusic.flac\shell\open\(Default)","SUCCESS","Type: REG_SZ, Length: 2, Data: "
"12:13:38.3543514 AM","netease.exe","3600","RegSetValue","HKCR\cloudmusic.flac\shell\open\command\(Default)","SUCCESS","Type: REG_SZ, Length: 140, Data: ""C:\Program Files (x86)\Netease\CloudMusic\cloudmusic.exe""--play=""%1"""
"12:13:38.3620112 AM","netease.exe","3600","RegSetValue","HKCR\.flac\cloudmuic_backup","SUCCESS","Type: REG_SZ, Length: 42, Data: WMP11.AssocFile.FLAC"
"12:13:38.3632702 AM","netease.exe","3600","RegSetValue","HKCR\.flac\(Default)","SUCCESS","Type: REG_SZ, Length: 32, Data: cloudmusic.flac"
"12:13:38.3644887 AM","netease.exe","3600","RegSetValue","HKCU\Software\Microsoft\Windows\CurrentVersion\Explorer\FileExts\.flac\Progid","SUCCESS","Type: REG_SZ, Length: 32, Data: cloudmusic.flac"
"12:13:38.3681074 AM","netease.exe","3600","RegSetValue","HKLM\SOFTWARE\Clients\Media\cloudmusic\Capabilites\.flac","SUCCESS","Type: REG_SZ, Length: 32, Data: cloudmusic.flac"
"12:13:38.3772829 AM","netease.exe","3600","RegSetValue","HKCR\cloudmusic.m4a\(Default)","SUCCESS","Type: REG_SZ, Length: 30, Data: cloudmusic.m4a"
"12:13:38.3781237 AM","netease.exe","3600","RegSetValue","HKCR\cloudmusic.m4a\DefaultIcon\(Default)","SUCCESS","Type: REG_SZ, Length: 128, Data: C:\Program Files (x86)\Netease\CloudMusic\resource\format.ico,0"
"12:13:38.3788388 AM","netease.exe","3600","RegSetValue","HKCR\cloudmusic.m4a\shell\(Default)","SUCCESS","Type: REG_SZ, Length: 2, Data: "
"12:13:38.3795078 AM","netease.exe","3600","RegSetValue","HKCR\cloudmusic.m4a\shell\open\(Default)","SUCCESS","Type: REG_SZ, Length: 2, Data: "
"12:13:38.3816073 AM","netease.exe","3600","RegSetValue","HKCR\cloudmusic.m4a\shell\open\command\(Default)","SUCCESS","Type: REG_SZ, Length: 140, Data: ""C:\Program Files (x86)\Netease\CloudMusic\cloudmusic.exe""--play=""%1"""
"12:13:38.3821829 AM","netease.exe","3600","RegSetValue","HKCR\cloudmusic.m4a\(Default)","SUCCESS","Type: REG_SZ, Length: 30, Data: cloudmusic.m4a"
"12:13:38.3827778 AM","netease.exe","3600","RegSetValue","HKCR\cloudmusic.m4a\DefaultIcon\(Default)","SUCCESS","Type: REG_SZ, Length: 128, Data: C:\Program Files (x86)\Netease\CloudMusic\resource\format.ico,0"
"12:13:38.3834426 AM","netease.exe","3600","RegSetValue","HKCR\cloudmusic.m4a\shell\(Default)","SUCCESS","Type: REG_SZ, Length: 2, Data: "
"12:13:38.3843954 AM","netease.exe","3600","RegSetValue","HKCR\cloudmusic.m4a\shell\open\(Default)","SUCCESS","Type: REG_SZ, Length: 2, Data: "
"12:13:38.3852717 AM","netease.exe","3600","RegSetValue","HKCR\cloudmusic.m4a\shell\open\command\(Default)","SUCCESS","Type: REG_SZ, Length: 140, Data: ""C:\Program Files (x86)\Netease\CloudMusic\cloudmusic.exe""--play=""%1"""
"12:13:38.3953466 AM","netease.exe","3600","RegSetValue","HKCR\.m4a\cloudmuic_backup","SUCCESS","Type: REG_SZ, Length: 40, Data: WMP11.AssocFile.M4A"
"12:13:38.3961086 AM","netease.exe","3600","RegSetValue","HKCR\.m4a\(Default)","SUCCESS","Type: REG_SZ, Length: 30, Data: cloudmusic.m4a"
"12:13:38.3966090 AM","netease.exe","3600","RegSetValue","HKCU\Software\Microsoft\Windows\CurrentVersion\Explorer\FileExts\.m4a\Progid","SUCCESS","Type: REG_SZ, Length: 30, Data: cloudmusic.m4a"
"12:13:38.3979327 AM","netease.exe","3600","RegSetValue","HKLM\SOFTWARE\Clients\Media\cloudmusic\Capabilites\.m4a","SUCCESS","Type: REG_SZ, Length: 30, Data: cloudmusic.m4a"
"12:13:38.4068108 AM","netease.exe","3600","RegSetValue","HKCR\cloudmusic.mp3\(Default)","SUCCESS","Type: REG_SZ, Length: 30, Data: cloudmusic.mp3"
"12:13:38.4077775 AM","netease.exe","3600","RegSetValue","HKCR\cloudmusic.mp3\DefaultIcon\(Default)","SUCCESS","Type: REG_SZ, Length: 128, Data: C:\Program Files (x86)\Netease\CloudMusic\resource\format.ico,0"
"12:13:38.4085374 AM","netease.exe","3600","RegSetValue","HKCR\cloudmusic.mp3\shell\(Default)","SUCCESS","Type: REG_SZ, Length: 2, Data: "
"12:13:38.4095653 AM","netease.exe","3600","RegSetValue","HKCR\cloudmusic.mp3\shell\open\(Default)","SUCCESS","Type: REG_SZ, Length: 2, Data: "
"12:13:38.4105601 AM","netease.exe","3600","RegSetValue","HKCR\cloudmusic.mp3\shell\open\command\(Default)","SUCCESS","Type: REG_SZ, Length: 140, Data: ""C:\Program Files (x86)\Netease\CloudMusic\cloudmusic.exe""--play=""%1"""
"12:13:38.4110867 AM","netease.exe","3600","RegSetValue","HKCR\cloudmusic.mp3\(Default)","SUCCESS","Type: REG_SZ, Length: 30, Data: cloudmusic.mp3"
"12:13:38.4115804 AM","netease.exe","3600","RegSetValue","HKCR\cloudmusic.mp3\DefaultIcon\(Default)","SUCCESS","Type: REG_SZ, Length: 128, Data: C:\Program Files (x86)\Netease\CloudMusic\resource\format.ico,0"
"12:13:38.4128189 AM","netease.exe","3600","RegSetValue","HKCR\cloudmusic.mp3\shell\(Default)","SUCCESS","Type: REG_SZ, Length: 2, Data: "
"12:13:38.4133592 AM","netease.exe","3600","RegSetValue","HKCR\cloudmusic.mp3\shell\open\(Default)","SUCCESS","Type: REG_SZ, Length: 2, Data: "
"12:13:38.4138790 AM","netease.exe","3600","RegSetValue","HKCR\cloudmusic.mp3\shell\open\command\(Default)","SUCCESS","Type: REG_SZ, Length: 140, Data: ""C:\Program Files (x86)\Netease\CloudMusic\cloudmusic.exe""--play=""%1"""
"12:13:38.4238475 AM","netease.exe","3600","RegSetValue","HKCR\.mp3\cloudmuic_backup","SUCCESS","Type: REG_SZ, Length: 40, Data: WMP11.AssocFile.MP3"
"12:13:38.4245297 AM","netease.exe","3600","RegSetValue","HKCR\.mp3\(Default)","SUCCESS","Type: REG_SZ, Length: 30, Data: cloudmusic.mp3"
"12:13:38.4250164 AM","netease.exe","3600","RegSetValue","HKCU\Software\Microsoft\Windows\CurrentVersion\Explorer\FileExts\.mp3\Progid","SUCCESS","Type: REG_SZ, Length: 30, Data: cloudmusic.mp3"
"12:13:38.4263591 AM","netease.exe","3600","RegSetValue","HKLM\SOFTWARE\Clients\Media\cloudmusic\Capabilites\.mp3","SUCCESS","Type: REG_SZ, Length: 30, Data: cloudmusic.mp3"
"12:13:38.4336042 AM","netease.exe","3600","RegSetValue","HKCR\cloudmusic.ogg\(Default)","SUCCESS","Type: REG_SZ, Length: 30, Data: cloudmusic.ogg"
"12:13:38.4342879 AM","netease.exe","3600","RegSetValue","HKCR\cloudmusic.ogg\DefaultIcon\(Default)","SUCCESS","Type: REG_SZ, Length: 128, Data: C:\Program Files (x86)\Netease\CloudMusic\resource\format.ico,0"
"12:13:38.4350122 AM","netease.exe","3600","RegSetValue","HKCR\cloudmusic.ogg\shell\(Default)","SUCCESS","Type: REG_SZ, Length: 2, Data: "
"12:13:38.4357974 AM","netease.exe","3600","RegSetValue","HKCR\cloudmusic.ogg\shell\open\(Default)","SUCCESS","Type: REG_SZ, Length: 2, Data: "
"12:13:38.4366762 AM","netease.exe","3600","RegSetValue","HKCR\cloudmusic.ogg\shell\open\command\(Default)","SUCCESS","Type: REG_SZ, Length: 140, Data: ""C:\Program Files (x86)\Netease\CloudMusic\cloudmusic.exe""--play=""%1"""
"12:13:38.4375962 AM","netease.exe","3600","RegSetValue","HKCR\cloudmusic.ogg\(Default)","SUCCESS","Type: REG_SZ, Length: 30, Data: cloudmusic.ogg"
"12:13:38.4382138 AM","netease.exe","3600","RegSetValue","HKCR\cloudmusic.ogg\DefaultIcon\(Default)","SUCCESS","Type: REG_SZ, Length: 128, Data: C:\Program Files (x86)\Netease\CloudMusic\resource\format.ico,0"
"12:13:38.4389208 AM","netease.exe","3600","RegSetValue","HKCR\cloudmusic.ogg\shell\(Default)","SUCCESS","Type: REG_SZ, Length: 2, Data: "
"12:13:38.4397054 AM","netease.exe","3600","RegSetValue","HKCR\cloudmusic.ogg\shell\open\(Default)","SUCCESS","Type: REG_SZ, Length: 2, Data: "
"12:13:38.4404638 AM","netease.exe","3600","RegSetValue","HKCR\cloudmusic.ogg\shell\open\command\(Default)","SUCCESS","Type: REG_SZ, Length: 140, Data: ""C:\Program Files (x86)\Netease\CloudMusic\cloudmusic.exe""--play=""%1"""
"12:13:38.4507368 AM","netease.exe","3600","RegSetValue","HKCR\.ogg\cloudmuic_backup","SUCCESS","Type: REG_SZ, Length: 2, Data: "
"12:13:38.4522317 AM","netease.exe","3600","RegSetValue","HKCR\.ogg\(Default)","SUCCESS","Type: REG_SZ, Length: 30, Data: cloudmusic.ogg"
"12:13:38.4531510 AM","netease.exe","3600","RegSetValue","HKCU\Software\Microsoft\Windows\CurrentVersion\Explorer\FileExts\.ogg\Progid","SUCCESS","Type: REG_SZ, Length: 30, Data: cloudmusic.ogg"
"12:13:38.4549466 AM","netease.exe","3600","RegSetValue","HKLM\SOFTWARE\Clients\Media\cloudmusic\Capabilites\.ogg","SUCCESS","Type: REG_SZ, Length: 30, Data: cloudmusic.ogg"
"12:13:38.4628487 AM","netease.exe","3600","RegSetValue","HKCR\cloudmusic.wav\(Default)","SUCCESS","Type: REG_SZ, Length: 30, Data: cloudmusic.wav"
"12:13:38.4636924 AM","netease.exe","3600","RegSetValue","HKCR\cloudmusic.wav\DefaultIcon\(Default)","SUCCESS","Type: REG_SZ, Length: 128, Data: C:\Program Files (x86)\Netease\CloudMusic\resource\format.ico,0"
"12:13:38.4644556 AM","netease.exe","3600","RegSetValue","HKCR\cloudmusic.wav\shell\(Default)","SUCCESS","Type: REG_SZ, Length: 2, Data: "
"12:13:38.4652027 AM","netease.exe","3600","RegSetValue","HKCR\cloudmusic.wav\shell\open\(Default)","SUCCESS","Type: REG_SZ, Length: 2, Data: "
"12:13:38.4659412 AM","netease.exe","3600","RegSetValue","HKCR\cloudmusic.wav\shell\open\command\(Default)","SUCCESS","Type: REG_SZ, Length: 140, Data: ""C:\Program Files (x86)\Netease\CloudMusic\cloudmusic.exe""--play=""%1"""
"12:13:38.4664275 AM","netease.exe","3600","RegSetValue","HKCR\cloudmusic.wav\(Default)","SUCCESS","Type: REG_SZ, Length: 30, Data: cloudmusic.wav"
"12:13:38.4668627 AM","netease.exe","3600","RegSetValue","HKCR\cloudmusic.wav\DefaultIcon\(Default)","SUCCESS","Type: REG_SZ, Length: 128, Data: C:\Program Files (x86)\Netease\CloudMusic\resource\format.ico,0"
"12:13:38.4672915 AM","netease.exe","3600","RegSetValue","HKCR\cloudmusic.wav\shell\(Default)","SUCCESS","Type: REG_SZ, Length: 2, Data: "
"12:13:38.4677549 AM","netease.exe","3600","RegSetValue","HKCR\cloudmusic.wav\shell\open\(Default)","SUCCESS","Type: REG_SZ, Length: 2, Data: "
"12:13:38.4682671 AM","netease.exe","3600","RegSetValue","HKCR\cloudmusic.wav\shell\open\command\(Default)","SUCCESS","Type: REG_SZ, Length: 140, Data: ""C:\Program Files (x86)\Netease\CloudMusic\cloudmusic.exe""--play=""%1"""
"12:13:38.4759314 AM","netease.exe","3600","RegSetValue","HKCR\.wav\cloudmuic_backup","SUCCESS","Type: REG_SZ, Length: 40, Data: WMP11.AssocFile.WAV"
"12:13:38.4767896 AM","netease.exe","3600","RegSetValue","HKCR\.wav\(Default)","SUCCESS","Type: REG_SZ, Length: 30, Data: cloudmusic.wav"
"12:13:38.4775566 AM","netease.exe","3600","RegSetValue","HKCU\Software\Microsoft\Windows\CurrentVersion\Explorer\FileExts\.wav\Progid","SUCCESS","Type: REG_SZ, Length: 30, Data: cloudmusic.wav"
"12:13:38.4804140 AM","netease.exe","3600","RegSetValue","HKLM\SOFTWARE\Clients\Media\cloudmusic\Capabilites\.wav","SUCCESS","Type: REG_SZ, Length: 30, Data: cloudmusic.wav"
"12:13:38.4920039 AM","netease.exe","3600","RegSetValue","HKCR\cloudmusic.wma\(Default)","SUCCESS","Type: REG_SZ, Length: 30, Data: cloudmusic.wma"
"12:13:38.4930353 AM","netease.exe","3600","RegSetValue","HKCR\cloudmusic.wma\DefaultIcon\(Default)","SUCCESS","Type: REG_SZ, Length: 128, Data: C:\Program Files (x86)\Netease\CloudMusic\resource\format.ico,0"
"12:13:38.4941429 AM","netease.exe","3600","RegSetValue","HKCR\cloudmusic.wma\shell\(Default)","SUCCESS","Type: REG_SZ, Length: 2, Data: "
"12:13:38.4950501 AM","netease.exe","3600","RegSetValue","HKCR\cloudmusic.wma\shell\open\(Default)","SUCCESS","Type: REG_SZ, Length: 2, Data: "
"12:13:38.4958389 AM","netease.exe","3600","RegSetValue","HKCR\cloudmusic.wma\shell\open\command\(Default)","SUCCESS","Type: REG_SZ, Length: 140, Data: ""C:\Program Files (x86)\Netease\CloudMusic\cloudmusic.exe""--play=""%1"""
"12:13:38.4963618 AM","netease.exe","3600","RegSetValue","HKCR\cloudmusic.wma\(Default)","SUCCESS","Type: REG_SZ, Length: 30, Data: cloudmusic.wma"
"12:13:38.4968041 AM","netease.exe","3600","RegSetValue","HKCR\cloudmusic.wma\DefaultIcon\(Default)","SUCCESS","Type: REG_SZ, Length: 128, Data: C:\Program Files (x86)\Netease\CloudMusic\resource\format.ico,0"
"12:13:38.4972456 AM","netease.exe","3600","RegSetValue","HKCR\cloudmusic.wma\shell\(Default)","SUCCESS","Type: REG_SZ, Length: 2, Data: "
"12:13:38.4976757 AM","netease.exe","3600","RegSetValue","HKCR\cloudmusic.wma\shell\open\(Default)","SUCCESS","Type: REG_SZ, Length: 2, Data: "
"12:13:38.4981119 AM","netease.exe","3600","RegSetValue","HKCR\cloudmusic.wma\shell\open\command\(Default)","SUCCESS","Type: REG_SZ, Length: 140, Data: ""C:\Program Files (x86)\Netease\CloudMusic\cloudmusic.exe""--play=""%1"""
"12:13:38.5046257 AM","netease.exe","3600","RegSetValue","HKCR\.wma\cloudmuic_backup","SUCCESS","Type: REG_SZ, Length: 40, Data: WMP11.AssocFile.WMA"
"12:13:38.5055574 AM","netease.exe","3600","RegSetValue","HKCR\.wma\(Default)","SUCCESS","Type: REG_SZ, Length: 30, Data: cloudmusic.wma"
"12:13:38.5064582 AM","netease.exe","3600","RegSetValue","HKCU\Software\Microsoft\Windows\CurrentVersion\Explorer\FileExts\.wma\Progid","SUCCESS","Type: REG_SZ, Length: 30, Data: cloudmusic.wma"
"12:13:38.5081844 AM","netease.exe","3600","RegSetValue","HKLM\SOFTWARE\Clients\Media\cloudmusic\Capabilites\.wma","SUCCESS","Type: REG_SZ, Length: 30, Data: cloudmusic.wma"
"12:13:38.5188932 AM","netease.exe","3600","RegSetValue","HKCR\cloudmusic.cue\(Default)","SUCCESS","Type: REG_SZ, Length: 30, Data: cloudmusic.cue"
"12:13:38.5202723 AM","netease.exe","3600","RegSetValue","HKCR\cloudmusic.cue\DefaultIcon\(Default)","SUCCESS","Type: REG_SZ, Length: 128, Data: C:\Program Files (x86)\Netease\CloudMusic\resource\format.ico,0"
"12:13:38.5213269 AM","netease.exe","3600","RegSetValue","HKCR\cloudmusic.cue\shell\(Default)","SUCCESS","Type: REG_SZ, Length: 2, Data: "
"12:13:38.5226943 AM","netease.exe","3600","RegSetValue","HKCR\cloudmusic.cue\shell\open\(Default)","SUCCESS","Type: REG_SZ, Length: 2, Data: "
"12:13:38.5238895 AM","netease.exe","3600","RegSetValue","HKCR\cloudmusic.cue\shell\open\command\(Default)","SUCCESS","Type: REG_SZ, Length: 140, Data: ""C:\Program Files (x86)\Netease\CloudMusic\cloudmusic.exe""--play=""%1"""
"12:13:38.5245058 AM","netease.exe","3600","RegSetValue","HKCR\cloudmusic.cue\(Default)","SUCCESS","Type: REG_SZ, Length: 30, Data: cloudmusic.cue"
"12:13:38.5249609 AM","netease.exe","3600","RegSetValue","HKCR\cloudmusic.cue\DefaultIcon\(Default)","SUCCESS","Type: REG_SZ, Length: 128, Data: C:\Program Files (x86)\Netease\CloudMusic\resource\format.ico,0"
"12:13:38.5253896 AM","netease.exe","3600","RegSetValue","HKCR\cloudmusic.cue\shell\(Default)","SUCCESS","Type: REG_SZ, Length: 2, Data: "
"12:13:38.5258180 AM","netease.exe","3600","RegSetValue","HKCR\cloudmusic.cue\shell\open\(Default)","SUCCESS","Type: REG_SZ, Length: 2, Data: "
"12:13:38.5262511 AM","netease.exe","3600","RegSetValue","HKCR\cloudmusic.cue\shell\open\command\(Default)","SUCCESS","Type: REG_SZ, Length: 140, Data: ""C:\Program Files (x86)\Netease\CloudMusic\cloudmusic.exe""--play=""%1"""
"12:13:38.5321564 AM","netease.exe","3600","RegSetValue","HKCR\.cue\cloudmuic_backup","SUCCESS","Type: REG_SZ, Length: 2, Data: "
"12:13:38.5328821 AM","netease.exe","3600","RegSetValue","HKCR\.cue\(Default)","SUCCESS","Type: REG_SZ, Length: 30, Data: cloudmusic.cue"
"12:13:38.5334745 AM","netease.exe","3600","RegSetValue","HKCU\Software\Microsoft\Windows\CurrentVersion\Explorer\FileExts\.cue\Progid","SUCCESS","Type: REG_SZ, Length: 30, Data: cloudmusic.cue"
"12:13:38.5339765 AM","netease.exe","3600","RegSetValue","HKCU\Software\Microsoft\Windows\CurrentVersion\Explorer\FileExts\.cue\UserChoice\Progid","SUCCESS","Type: REG_SZ, Length: 30, Data: cloudmusic.cue"
"12:13:38.5344530 AM","netease.exe","3600","RegSetValue","HKLM\SOFTWARE\Clients\Media\cloudmusic\Capabilites\.cue","SUCCESS","Type: REG_SZ, Length: 30, Data: cloudmusic.cue"
"12:13:38.5521658 AM","netease.exe","3600","RegSetValue","HKCR\cloudmusic.ncm\(Default)","SUCCESS","Type: REG_SZ, Length: 30, Data: cloudmusic.ncm"
"12:13:38.5530346 AM","netease.exe","3600","RegSetValue","HKCR\cloudmusic.ncm\DefaultIcon\(Default)","SUCCESS","Type: REG_SZ, Length: 128, Data: C:\Program Files (x86)\Netease\CloudMusic\resource\format.ico,0"
"12:13:38.5540341 AM","netease.exe","3600","RegSetValue","HKCR\cloudmusic.ncm\shell\(Default)","SUCCESS","Type: REG_SZ, Length: 2, Data: "
"12:13:38.5551235 AM","netease.exe","3600","RegSetValue","HKCR\cloudmusic.ncm\shell\open\(Default)","SUCCESS","Type: REG_SZ, Length: 2, Data: "
"12:13:38.5565698 AM","netease.exe","3600","RegSetValue","HKCR\cloudmusic.ncm\shell\open\command\(Default)","SUCCESS","Type: REG_SZ, Length: 140, Data: ""C:\Program Files (x86)\Netease\CloudMusic\cloudmusic.exe""--play=""%1"""
"12:13:38.5572622 AM","netease.exe","3600","RegSetValue","HKCR\cloudmusic.ncm\(Default)","SUCCESS","Type: REG_SZ, Length: 30, Data: cloudmusic.ncm"
"12:13:38.5577500 AM","netease.exe","3600","RegSetValue","HKCR\cloudmusic.ncm\DefaultIcon\(Default)","SUCCESS","Type: REG_SZ, Length: 128, Data: C:\Program Files (x86)\Netease\CloudMusic\resource\format.ico,0"
"12:13:38.5582158 AM","netease.exe","3600","RegSetValue","HKCR\cloudmusic.ncm\shell\(Default)","SUCCESS","Type: REG_SZ, Length: 2, Data: "
"12:13:38.5586879 AM","netease.exe","3600","RegSetValue","HKCR\cloudmusic.ncm\shell\open\(Default)","SUCCESS","Type: REG_SZ, Length: 2, Data: "
"12:13:38.5591608 AM","netease.exe","3600","RegSetValue","HKCR\cloudmusic.ncm\shell\open\command\(Default)","SUCCESS","Type: REG_SZ, Length: 140, Data: ""C:\Program Files (x86)\Netease\CloudMusic\cloudmusic.exe""--play=""%1"""
"12:13:38.5656973 AM","netease.exe","3600","RegSetValue","HKCR\.ncm\cloudmuic_backup","SUCCESS","Type: REG_SZ, Length: 2, Data: "
"12:13:38.5664589 AM","netease.exe","3600","RegSetValue","HKCR\.ncm\(Default)","SUCCESS","Type: REG_SZ, Length: 30, Data: cloudmusic.ncm"
"12:13:38.5671141 AM","netease.exe","3600","RegSetValue","HKCU\Software\Microsoft\Windows\CurrentVersion\Explorer\FileExts\.ncm\Progid","SUCCESS","Type: REG_SZ, Length: 30, Data: cloudmusic.ncm"
"12:13:38.5677653 AM","netease.exe","3600","RegSetValue","HKCU\Software\Microsoft\Windows\CurrentVersion\Explorer\FileExts\.ncm\UserChoice\Progid","SUCCESS","Type: REG_SZ, Length: 30, Data: cloudmusic.ncm"
"12:13:38.5682857 AM","netease.exe","3600","RegSetValue","HKLM\SOFTWARE\Clients\Media\cloudmusic\Capabilites\.ncm","SUCCESS","Type: REG_SZ, Length: 30, Data: cloudmusic.ncm"
"12:13:38.5720330 AM","netease.exe","3600","RegSetValue","HKLM\SOFTWARE\RegisteredApplications\cloudmusic","SUCCESS","Type: REG_SZ, Length: 92, Data: Software\Clients\Media\cloudmusic\Capabilites"
"12:13:38.5797128 AM","netease.exe","3600","RegSetValue","HKLM\SOFTWARE\WOW6432Node\Microsoft\Windows\CurrentVersion\Explorer\GlobalAssocChangedCounter","SUCCESS","Type: REG_DWORD, Length: 4, Data: 1"
"12:13:38.8741493 AM","svchost.exe","928","RegSetValue","HKLM\SOFTWARE\Microsoft\Windows\CurrentVersion\UFH\ARP\0","SUCCESS","Type: REG_MULTI_SZ, Length: 254, Data: Software\Wow6432Node\Microsoft\Windows\CurrentVersion\Uninstall, 网易云音乐, C:\Program Files (x86)\Netease\CloudMusic\UnInstall.exe"
"12:13:38.9002430 AM","Explorer.EXE","3448","RegSetValue","HKCU\Software\Microsoft\Windows\Shell\Bags\1\Desktop\IconLayouts","SUCCESS","Type: REG_BINARY, Length: 722, Data: 00 00 00 00 00 00 00 00 00 00 00 00 00 00 00 00"
"12:13:38.9721268 AM","Explorer.EXE","3448","RegSetValue","HKCU\Software\Microsoft\Windows\Shell\Bags\1\Desktop\IconLayouts","SUCCESS","Type: REG_BINARY, Length: 722, Data: 00 00 00 00 00 00 00 00 00 00 00 00 00 00 00 00"
"12:13:39.0533156 AM","netease.exe","3600","RegSetValue","HKCR\*\shellex\ContextMenuHandlers\cloudmusic\(Default)","SUCCESS","Type: REG_SZ, Length: 78, Data: {5C6A637C-9780-4D0F-A379-4732EDCCE7C3}"
"12:13:39.1370083 AM","Explorer.EXE","3448","RegSetValue","HKCU\Software\Classes\Local Settings\MuiCache\1b\52C64B7E\LanguageList","SUCCESS","Type: REG_MULTI_SZ, Length: 20, Data: en-US, en"
"12:13:39.1684543 AM","Explorer.EXE","3448","RegSetValue","HKCU\Software\Classes\Local Settings\MuiCache\1b\52C64B7E\LanguageList","SUCCESS","Type: REG_MULTI_SZ, Length: 20, Data: en-US, en"
"12:13:41.0405209 AM","Explorer.EXE","3448","RegSetValue","HKCU\Software\Microsoft\Windows\CurrentVersion\UFH\SHC\1","SUCCESS","Type: REG_MULTI_SZ, Length: 244, Data: C:\ProgramData\Microsoft\Windows\Start Menu\Programs\网易云音乐.lnk, C:\Program Files (x86)\Netease\CloudMusic\cloudmusic.exe, "
"12:13:41.0692211 AM","Explorer.EXE","3448","RegSetValue","HKCU\Software\Microsoft\Windows\CurrentVersion\UFH\SHC\2","SUCCESS","Type: REG_MULTI_SZ, Length: 258, Data: C:\ProgramData\Microsoft\Windows\Start Menu\Programs\网易云音乐\卸载网易云音乐.lnk, C:\Program Files (x86)\Netease\CloudMusic\UnInstall.exe, "
"12:13:41.0749350 AM","Explorer.EXE","3448","RegSetValue","HKCU\Software\Microsoft\Windows\CurrentVersion\UFH\SHC\3","SUCCESS","Type: REG_MULTI_SZ, Length: 256, Data: C:\ProgramData\Microsoft\Windows\Start Menu\Programs\网易云音乐\网易云音乐.lnk, C:\Program Files (x86)\Netease\CloudMusic\cloudmusic.exe, "
"12:13:41.0922936 AM","Explorer.EXE","3448","RegSetValue","HKCU\Software\Microsoft\Windows\CurrentVersion\Search\InstalledWin32AppsRevision","SUCCESS","Type: REG_SZ, Length: 78, Data: {810C48FE-B30E-4C9F-B533-9682751AF756}"
"12:13:41.0980016 AM","Explorer.EXE","3448","RegSetValue","HKCU\Software\Microsoft\Windows\CurrentVersion\CloudStore\Store\Cache\DefaultAccount\$de${3db29389-6e8d-4762-aeea-f4406721110f}$$windows.data.unifiedtile.localstartvolatiletilepropertiesmap\Current\Data","SUCCESS","Type: REG_BINARY, Length: 1,365, Data: 02 00 00 00 8B F2 78 FD 5C 40 D5 01 00 00 00 00"
"12:13:41.4674141 AM","sihost.exe","3048","RegSetValue","HKCU\Software\Classes\Local Settings\Software\Microsoft\Windows\CurrentVersion\AppModel\SystemAppData\Microsoft.Windows.Cortana_cw5n1h2txyewy\WasEverActivated","SUCCESS","Type: REG_DWORD, Length: 4, Data: 1"
"12:13:41.4757159 AM","svchost.exe","660","RegSetValue","HKLM\SOFTWARE\Microsoft\Windows NT\CurrentVersion\VolatileNotifications\41C64E6DA3830055","SUCCESS","Type: REG_BINARY, Length: 96, Data: 01 00 04 80 44 00 00 00 50 00 00 00 00 00 00 00"
"12:13:41.6732595 AM","svchost.exe","660","RegSetValue","HKLM\System\CurrentControlSet\Services\bam\State\UserSettings\S-1-5-21-2047949552-857980807-821054962-504\Microsoft.Windows.Cortana_cw5n1h2txyewy","SUCCESS","Type: REG_BINARY, Length: 24, Data: F1 22 CF FD 5C 40 D5 01 00 00 00 00 00 00 00 00"
"12:13:41.6783150 AM","svchost.exe","660","RegSetValue","HKCU\Software\Classes\Local Settings\Software\Microsoft\Windows\CurrentVersion\AppModel\SystemAppData\Microsoft.Windows.Cortana_cw5n1h2txyewy\HAM\AUI\CortanaUI\V1\LU\PCT","SUCCESS","Type: REG_QWORD, Length: 8, Data: "
"12:13:41.8515655 AM","SearchUI.exe","656","RegSetValue","\REGISTRY\A\{4cc719af-3313-8577-b7e6-2a313b067640}\LocalState\Configuration\DisabledReason","SUCCESS","Type: <Unknown: 100000005>, Length: 12"
"12:13:41.8842685 AM","SearchUI.exe","656","RegSetValue","\REGISTRY\A\{4cc719af-3313-8577-b7e6-2a313b067640}\LocalState\CortanaCapabilities","SUCCESS","Type: <Unknown: 100000005>, Length: 12"
"12:13:41.8847136 AM","SearchUI.exe","656","RegSetValue","HKCU\Software\Microsoft\Windows\CurrentVersion\Search\CortanaCapabilityFlags","SUCCESS","Type: REG_DWORD, Length: 4, Data: 8704"
"12:13:41.8855798 AM","SearchUI.exe","656","RegSetValue","HKCU\Software\Microsoft\Windows\CurrentVersion\Search\CortanaCapabilities","SUCCESS","Type: REG_SZ, Length: 50, Data: PhoneCall,SpeechLanguage"
"12:13:41.9757123 AM","svchost.exe","856","RegSetValue","HKCU\Software\Classes\Local Settings\MrtCache\C:%5CWindows%5CSystemApps%5CMicrosoft.Windows.CloudExperienceHost_cw5n1h2txyewy%5Cresources.pri\1d4de0e646906d2\a01460c8\LanguageList","SUCCESS","Type: REG_MULTI_SZ, Length: 84, Data: _en-US;en_standard_100_US_LTR_dark_Desktopƞ"
"12:13:41.9792627 AM","svchost.exe","856","RegSetValue","HKCU\Software\Classes\Local Settings\MrtCache\C:%5CWindows%5CSystemApps%5CMicrosoft.Windows.CloudExperienceHost_cw5n1h2txyewy%5Cresources.pri\1d4de0e646906d2\a01460c8\LanguageList","SUCCESS","Type: REG_MULTI_SZ, Length: 84, Data: _en-US;en_standard_100_US_LTR_dark_Desktopƞ"
"12:13:41.9917740 AM","svchost.exe","856","RegSetValue","HKCU\Software\Classes\Local Settings\MrtCache\C:%5CWindows%5CSystemApps%5CMicrosoft.AAD.BrokerPlugin_cw5n1h2txyewy%5Cresources.pri\1d4de0e681b9f9f\a01460c8\LanguageList","SUCCESS","Type: REG_MULTI_SZ, Length: 84, Data: _en-US;en_standard_100_US_LTR_dark_Desktop鿮ƞ"
"12:13:41.9946434 AM","svchost.exe","856","RegSetValue","HKCU\Software\Classes\Local Settings\MrtCache\C:%5CWindows%5CSystemApps%5CMicrosoft.AAD.BrokerPlugin_cw5n1h2txyewy%5Cresources.pri\1d4de0e681b9f9f\a01460c8\LanguageList","SUCCESS","Type: REG_MULTI_SZ, Length: 84, Data: _en-US;en_standard_100_US_LTR_dark_Desktop몲ƞ"
"12:13:42.0040481 AM","svchost.exe","856","RegSetValue","HKCU\Software\Classes\Local Settings\MrtCache\C:%5CWindows%5CSystemApps%5CMicrosoft.Windows.CloudExperienceHost_cw5n1h2txyewy%5Cresources.pri\1d4de0e646906d2\a01460c8\LanguageList","SUCCESS","Type: REG_MULTI_SZ, Length: 84, Data: _en-US;en_standard_100_US_LTR_dark_Desktopƞ"
"12:13:42.0082303 AM","svchost.exe","856","RegSetValue","HKCU\Software\Classes\Local Settings\MrtCache\C:%5CWindows%5CSystemApps%5CMicrosoft.Windows.CloudExperienceHost_cw5n1h2txyewy%5Cresources.pri\1d4de0e646906d2\a01460c8\LanguageList","SUCCESS","Type: REG_MULTI_SZ, Length: 84, Data: _en-US;en_standard_100_US_LTR_dark_Desktopƞ"
"12:13:42.0353682 AM","SearchUI.exe","656","RegSetValue","HKCU\Software\Microsoft\Windows\CurrentVersion\Search\CortanaAppOverride\IsAppSignedIn","SUCCESS","Type: REG_DWORD, Length: 4, Data: 0"
"12:13:42.0358641 AM","SearchUI.exe","656","RegSetValue","HKCU\Software\Microsoft\Windows\CurrentVersion\Search\CortanaAppOverride\AccountUserName","SUCCESS","Type: REG_SZ, Length: 2, Data: "
"12:13:42.0885246 AM","svchost.exe","660","RegSetValue","HKLM\System\CurrentControlSet\Services\bam\State\UserSettings\S-1-5-21-2047949552-857980807-821054962-504\Microsoft.Windows.Cortana_cw5n1h2txyewy","SUCCESS","Type: REG_BINARY, Length: 24, Data: 37 80 0F FE 5C 40 D5 01 00 00 00 00 00 00 00 00"
"12:13:42.1911524 AM","SearchUI.exe","656","RegSetValue","\REGISTRY\A\{4cc719af-3313-8577-b7e6-2a313b067640}\LocalState\BINGIDENTITY_PROP_AUTHORITY","SUCCESS","Type: <Unknown: 100000012>, Length: 22"
"12:13:42.2878482 AM","SearchUI.exe","656","RegSetValue","HKCU\Software\Microsoft\Windows\CurrentVersion\CloudStore\Store\Cache\DefaultAccount\$de${3db29389-6e8d-4762-aeea-f4406721110f}$$windows.data.unifiedtile.localstarttilepropertiesmap\Current\Data","SUCCESS","Type: REG_BINARY, Length: 17,149, Data: 02 00 00 00 A7 A0 22 FE 5C 40 D5 01 00 00 00 00"
"12:13:42.7715948 AM","RuntimeBroker.exe","708","RegSetValue","HKCU\Software\Microsoft\Windows\CurrentVersion\Internet Settings\ZoneMap\ProxyBypass","SUCCESS","Type: REG_DWORD, Length: 4, Data: 1"
"12:13:42.7716118 AM","RuntimeBroker.exe","708","RegSetValue","HKCU\Software\Microsoft\Windows\CurrentVersion\Internet Settings\ZoneMap\IntranetName","SUCCESS","Type: REG_DWORD, Length: 4, Data: 1"
"12:13:42.7716266 AM","RuntimeBroker.exe","708","RegSetValue","HKCU\Software\Microsoft\Windows\CurrentVersion\Internet Settings\ZoneMap\UNCAsIntranet","SUCCESS","Type: REG_DWORD, Length: 4, Data: 1"
"12:13:42.7716414 AM","RuntimeBroker.exe","708","RegSetValue","HKCU\Software\Microsoft\Windows\CurrentVersion\Internet Settings\ZoneMap\AutoDetect","SUCCESS","Type: REG_DWORD, Length: 4, Data: 0"
"12:13:42.7735772 AM","RuntimeBroker.exe","708","RegSetValue","HKCU\Software\Microsoft\Windows\CurrentVersion\Internet Settings\ZoneMap\ProxyBypass","SUCCESS","Type: REG_DWORD, Length: 4, Data: 1"
"12:13:42.7735936 AM","RuntimeBroker.exe","708","RegSetValue","HKCU\Software\Microsoft\Windows\CurrentVersion\Internet Settings\ZoneMap\IntranetName","SUCCESS","Type: REG_DWORD, Length: 4, Data: 1"
"12:13:42.7736076 AM","RuntimeBroker.exe","708","RegSetValue","HKCU\Software\Microsoft\Windows\CurrentVersion\Internet Settings\ZoneMap\UNCAsIntranet","SUCCESS","Type: REG_DWORD, Length: 4, Data: 1"
"12:13:42.7736241 AM","RuntimeBroker.exe","708","RegSetValue","HKCU\Software\Microsoft\Windows\CurrentVersion\Internet Settings\ZoneMap\AutoDetect","SUCCESS","Type: REG_DWORD, Length: 4, Data: 0"
"12:13:42.7760020 AM","RuntimeBroker.exe","708","RegSetValue","HKCU\Software\Microsoft\Windows\CurrentVersion\Internet Settings\ZoneMap\ProxyBypass","SUCCESS","Type: REG_DWORD, Length: 4, Data: 1"
"12:13:42.7760179 AM","RuntimeBroker.exe","708","RegSetValue","HKCU\Software\Microsoft\Windows\CurrentVersion\Internet Settings\ZoneMap\IntranetName","SUCCESS","Type: REG_DWORD, Length: 4, Data: 1"
"12:13:42.7760318 AM","RuntimeBroker.exe","708","RegSetValue","HKCU\Software\Microsoft\Windows\CurrentVersion\Internet Settings\ZoneMap\UNCAsIntranet","SUCCESS","Type: REG_DWORD, Length: 4, Data: 1"
"12:13:42.7760459 AM","RuntimeBroker.exe","708","RegSetValue","HKCU\Software\Microsoft\Windows\CurrentVersion\Internet Settings\ZoneMap\AutoDetect","SUCCESS","Type: REG_DWORD, Length: 4, Data: 0"
"12:13:43.9378692 AM","Explorer.EXE","3448","RegSetValue","HKCU\Software\Microsoft\Windows\CurrentVersion\Explorer\UserAssist\{CEBFF5CD-ACE2-4F4F-9178-9926F41749EA}\Count\P:\Hfref\JQNTHgvyvglNppbhag\Qrfxgbc\argrnfr.rkr","SUCCESS","Type: REG_BINARY, Length: 72, Data: 00 00 00 00 00 00 00 00 01 00 00 00 15 3B 00 00"
"12:13:43.9382008 AM","Explorer.EXE","3448","RegSetValue","HKCU\Software\Microsoft\Windows\CurrentVersion\Explorer\UserAssist\{CEBFF5CD-ACE2-4F4F-9178-9926F41749EA}\Count\HRZR_PGYFRFFVBA","SUCCESS","Type: REG_BINARY, Length: 1,612, Data: 00 00 00 00 6F 00 00 00 98 00 00 00 A1 78 31 00"
"12:13:44.0022749 AM","Explorer.EXE","3448","RegSetValue","HKCU\Software\Microsoft\Windows\CurrentVersion\Explorer\SessionInfo\1\ApplicationViewManagement\W32:00000000000D0366\VirtualDesktop","SUCCESS","Type: REG_BINARY, Length: 24, Data: 10 00 00 00 30 30 44 56 00 00 00 00 00 00 00 00"
"12:13:44.1165823 AM","netease.exe","3600","RegSetValue","HKLM\SOFTWARE\Microsoft\Windows NT\CurrentVersion\Notifications\Data\418A073AA3BC3475","SUCCESS","Type: REG_BINARY, Length: 498, Data: 6C 00 00 00 00 00 00 00 04 00 04 00 01 02 09 00"
"12:13:44.1200563 AM","netease.exe","3600","RegSetValue","HKLM\System\CurrentControlSet\Services\bam\State\UserSettings\S-1-5-21-2047949552-857980807-821054962-504\\Device\HarddiskVolume2\Users\WDAGUtilityAccount\Desktop\netease.exe","SUCCESS","Type: REG_BINARY, Length: 24, Data: 43 72 45 FF 5C 40 D5 01 00 00 00 00 00 00 00 00"
"12:13:44.5724860 AM","svchost.exe","1800","RegSetValue","\REGISTRY\A\{734dd487-11a2-c39b-d5f7-5a7ceb2bafdb}\Root\InventoryApplicationFile\WritePermissionsCheck","SUCCESS","Type: REG_DWORD, Length: 4, Data: 1"
